Date,Total Sales (INR),Net Sales (INR),Orders
2026-03-01 00:00:00+00:00,84250.0,84250.0,2
2026-03-02 00:00:00+00:00,35896.74,35896.74,4
2026-03-03 00:00:00+00:00,36523.26,36523.26,3
2026-03-04 00:00:00+00:00,48873.7,48873.7,6
2026-03-05 00:00:00+00:00,33500.0,33500.0,3
2026-03-06 00:00:00+00:00,41555.7,41555.7,2
2026-03-07 00:00:00+00:00,82350.0,82350.0,4
2026-03-08 00:00:00+00:00,21639.17,20939.13,3
2026-03-09 00:00:00+00:00,8050.0,8050.0,1
2026-03-10 00:00:00+00:00,10350.0,10350.0,1
2026-03-11 00:00:00+00:00,30368.4,30368.4,4
2026-03-12 00:00:00+00:00,42519.5,42519.5,3
2026-03-13 00:00:00+00:00,34055.0,34055.0,2
2026-03-14 00:00:00+00:00,40292.38,38292.38,4
2026-03-15 00:00:00+00:00,61058.7,61058.7,6
2026-03-16 00:00:00+00:00,8050.0,8050.0,1
2026-03-17 00:00:00+00:00,3600.0,3050.85,1
2026-03-18 00:00:00+00:00,67888.68,67888.68,5
2026-03-19 00:00:00+00:00,3510.38,3510.38,1
2026-03-20 00:00:00+00:00,6300.0,6300.0,1
2026-03-21 00:00:00+00:00,34873.4,34873.4,4
2026-03-22 00:00:00+00:00,44569.5,43402.55,5
2026-03-23 00:00:00+00:00,39768.4,39768.4,4
2026-03-24 00:00:00+00:00,94350.0,89888.14,5
2026-03-25 00:00:00+00:00,61150.0,61150.0,4
2026-03-26 00:00:00+00:00,30700.0,30700.0,2
2026-03-28 00:00:00+00:00,15750.0,15750.0,1
2026-03-30 00:00:00+00:00,26550.0,26550.0,1
2026-03-31 00:00:00+00:00,139855.1,137452.56,8
2026-04-01 00:00:00+00:00,105705.0,102859.32,9
2026-04-02 00:00:00+00:00,206419.5,206419.5,12
2026-04-03 00:00:00+00:00,91300.0,88800.0,5
2026-04-04 00:00:00+00:00,24000.0,24000.0,1
2026-04-05 00:00:00+00:00,31150.0,31150.0,1
2026-04-06 00:00:00+00:00,81550.0,81550.0,9
2026-04-07 00:00:00+00:00,94850.0,94850.0,7
2026-04-08 00:00:00+00:00,81895.8,81074.77,7
2026-04-09 00:00:00+00:00,60387.6,58171.92,6
2026-04-10 00:00:00+00:00,33250.0,33250.0,3
2026-04-11 00:00:00+00:00,83545.0,81841.86,6
2026-04-12 00:00:00+00:00,84350.0,84350.0,8
2026-04-13 00:00:00+00:00,121462.6,120875.31,6
2026-04-14 00:00:00+00:00,197268.4,197268.4,13
2026-04-15 00:00:00+00:00,201509.6,196224.01,11
2026-04-16 00:00:00+00:00,30133.6,30133.6,4
2026-04-17 00:00:00+00:00,54590.1,53534.490001,5
2026-04-18 00:00:00+00:00,50141.07,50141.07,3
2026-04-19 00:00:00+00:00,39868.9,39868.9,4
2026-04-20 00:00:00+00:00,48918.4,48918.4,4
2026-04-21 00:00:00+00:00,52297.97,52297.97,3
2026-04-22 00:00:00+00:00,58800.0,58800.0,3
2026-04-23 00:00:00+00:00,3500.0,3500.0,1
2026-04-24 00:00:00+00:00,15463.279999999999,15463.279999999999,3
2026-04-25 00:00:00+00:00,48850.0,48850.0,4
2026-04-27 00:00:00+00:00,27420.0,24920.0,3
2026-04-29 00:00:00+00:00,24375.83,24375.83,2
2026-04-30 00:00:00+00:00,65900.0,65900.0,3
2026-05-01 00:00:00+00:00,20950.0,20950.0,3
2026-05-02 00:00:00+00:00,87456.2,87456.2,6
2026-05-03 00:00:00+00:00,22600.0,22600.0,3
2026-05-04 00:00:00+00:00,47850.0,47850.0,2
2026-05-05 00:00:00+00:00,75370.0,72692.88,7
2026-05-06 00:00:00+00:00,24125.0,24125.0,5
2026-05-07 00:00:00+00:00,76983.19,76983.19,3
2026-05-08 00:00:00+00:00,12501.0,12501.0,2
2026-05-09 00:00:00+00:00,52102.96,52102.96,5
2026-05-10 00:00:00+00:00,11000.0,11000.0,2
2026-05-11 00:00:00+00:00,58600.0,55625.42,5
2026-05-12 00:00:00+00:00,59700.0,59700.0,4
2026-05-13 00:00:00+00:00,41700.0,41700.0,3
2026-05-14 00:00:00+00:00,11850.0,11850.0,2
2026-05-15 00:00:00+00:00,68302.03,66753.72,6
2026-05-16 00:00:00+00:00,98485.0,95985.0,5
2026-05-19 00:00:00+00:00,22239.0,22239.0,3
2026-05-20 00:00:00+00:00,12468.4,12468.4,2
2026-05-21 00:00:00+00:00,24913.45,24913.45,2
2026-05-22 00:00:00+00:00,20650.0,20650.0,1
2026-05-23 00:00:00+00:00,33169.5,33169.5,3
2026-05-24 00:00:00+00:00,4900.0,4900.0,1
2026-05-25 00:00:00+00:00,36750.0,36750.0,4
2026-05-26 00:00:00+00:00,45928.4,45928.4,5
2026-05-27 00:00:00+00:00,95842.58,95842.58,6
2026-05-28 00:00:00+00:00,348869.4,342884.1,27
2026-05-29 00:00:00+00:00,208610.3,207905.55,21
2026-05-30 00:00:00+00:00,121737.0,120131.19,8
2026-05-31 00:00:00+00:00,155726.34,155021.59,14
2026-06-01 00:00:00+00:00,127776.0,127776.0,8
2026-06-02 00:00:00+00:00,120962.56,120962.56,13
2026-06-03 00:00:00+00:00,47677.08,47677.08,5
2026-06-04 00:00:00+00:00,144007.38,144007.38,13
2026-06-05 00:00:00+00:00,70841.1,70841.1,8
2026-06-06 00:00:00+00:00,211087.8,209527.29,19
2026-06-07 00:00:00+00:00,118140.0,118140.0,8
2026-06-08 00:00:00+00:00,109965.38,109965.38,9
2026-06-09 00:00:00+00:00,56400.0,53732.04,8
2026-06-10 00:00:00+00:00,112846.4,110535.84,11
2026-06-11 00:00:00+00:00,77452.98,77452.98,8
2026-06-12 00:00:00+00:00,113369.4,113369.4,9
2026-06-13 00:00:00+00:00,105426.42,105426.42,10
2026-06-14 00:00:00+00:00,67075.31999999999,66471.26,9
2026-06-15 00:00:00+00:00,181484.1,180628.34,24
2026-06-16 00:00:00+00:00,117379.0,112395.44,8
2026-06-17 00:00:00+00:00,99424.5,99424.5,8
2026-06-18 00:00:00+00:00,132025.92,132025.92,11
2026-06-19 00:00:00+00:00,122050.0,117066.44,9
2026-06-20 00:00:00+00:00,86459.4,86459.4,14
2026-06-21 00:00:00+00:00,107547.0,102065.08,9
2026-06-22 00:00:00+00:00,82262.5,78513.91,17
2026-06-23 00:00:00+00:00,211998.2,209498.2,20
2026-06-24 00:00:00+00:00,164776.88,164172.81,15
2026-06-25 00:00:00+00:00,107471.18,106883.89,18
2026-06-26 00:00:00+00:00,134695.6,132502.5,25
2026-06-27 00:00:00+00:00,180867.33,180280.04,24
2026-06-28 00:00:00+00:00,117767.83,117767.83,19
2026-06-29 00:00:00+00:00,115448.59999999999,113097.77,14
2026-06-30 00:00:00+00:00,214225.7,211960.44,27
2026-07-01 00:00:00+00:00,224798.7,224798.55,32
2026-07-02 00:00:00+00:00,142616.6,141911.85,20
2026-07-03 00:00:00+00:00,95548.38,90318.16,11
2026-07-04 00:00:00+00:00,132580.0,130616.78,22
2026-07-05 00:00:00+00:00,279950.0,279488.56,26
2026-07-06 00:00:00+00:00,180229.5,177254.91999999998,26
2026-07-07 00:00:00+00:00,69695.0,69695.0,10
2026-07-08 00:00:00+00:00,41565.0,39257.8,6
2026-07-09 00:00:00+00:00,70700.0,70700.0,8
2026-07-10 00:00:00+00:00,39730.0,39730.0,5
2026-07-11 00:00:00+00:00,52875.0,52875.0,5
2026-07-12 00:00:00+00:00,174386.75,174386.75,10
2026-07-13 00:00:00+00:00,49726.6,49726.6,10
2026-07-14 00:00:00+00:00,57224.1,57224.1,10
2026-07-15 00:00:00+00:00,91336.92,91336.92,16
2026-07-16 00:00:00+00:00,67792.2,67792.2,11
2026-07-17 00:00:00+00:00,42900.0,42900.0,9
2026-07-18 00:00:00+00:00,88782.0,88782.0,19
2026-07-19 00:00:00+00:00,33540.0,33540.0,7
2026-07-20 00:00:00+00:00,108195.02,106810.7,17
2026-07-21 00:00:00+00:00,104569.92,104569.92,6
2026-07-22 00:00:00+00:00,8532.0,8532.0,3
2026-07-23 00:00:00+00:00,18900.0,18900.0,4
2026-07-24 00:00:00+00:00,144530.0,144530.0,12
2026-07-25 00:00:00+00:00,138989.0,138989.0,23
2026-07-26 00:00:00+00:00,99177.84,99177.84,17
2026-07-27 00:00:00+00:00,69434.0,68259.42,8
2026-07-28 00:00:00+00:00,58225.92,57672.189999999995,8
2026-07-29 00:00:00+00:00,92360.0,90233.45,15
2026-07-30 00:00:00+00:00,91844.1,91202.02,18
2026-07-31 00:00:00+00:00,81578.42,81578.42,17
2026-08-01 00:00:00+00:00,49553.3,49464.46,9
2026-08-02 00:00:00+00:00,132681.5,132444.28,13
2026-08-03 00:00:00+00:00,41980.020000000004,41980.020000000004,9
2026-08-04 00:00:00+00:00,168625.1,167720.49,20
2026-08-05 00:00:00+00:00,111070.8,109913.0,12
2026-08-06 00:00:00+00:00,41755.92,41755.92,12
2026-08-07 00:00:00+00:00,143545.02,143545.02,16
2026-08-08 00:00:00+00:00,80571.92,80571.92,12
2026-08-09 00:00:00+00:00,113157.0,113157.0,18
2026-08-10 00:00:00+00:00,152115.9,148165.96,16
2026-08-11 00:00:00+00:00,48012.0,48012.0,12
2026-08-12 00:00:00+00:00,154969.64,152470.32,22
2026-08-13 00:00:00+00:00,127190.0,126915.42,11
2026-08-14 00:00:00+00:00,48055.5,47928.42,13
2026-08-15 00:00:00+00:00,72993.29000000001,72993.29000000001,14
2026-08-16 00:00:00+00:00,96865.59,95607.12,24
2026-08-17 00:00:00+00:00,54423.93,54423.93,14
2026-08-18 00:00:00+00:00,126389.66,126289.8,17
2026-08-19 00:00:00+00:00,74306.36,74306.36,13
2026-08-20 00:00:00+00:00,118198.41,118198.41,13
2026-08-21 00:00:00+00:00,112649.09,112649.09,16
2026-08-22 00:00:00+00:00,113298.37999999999,111849.22,10
2026-08-23 00:00:00+00:00,179733.96,179733.96,19
2026-08-24 00:00:00+00:00,92509.15,87508.81,13
2026-08-25 00:00:00+00:00,29136.2,29136.2,6
2026-08-26 00:00:00+00:00,75220.02,75142.97,13
2026-08-27 00:00:00+00:00,21242.54,21242.54,4
